{
    "Argentina": {
        "Latitude": -38.4161,
        "Longitude": -63.6167
    },
    "Australia": {
        "Latitude": -31.9505,
        "Longitude": 115.8605
    },
    "Brazil": {
        "Latitude": -14.235,
        "Longitude": -51.9253
    },
    "Canada": {
        "Latitude": 64.2823,
        "Longitude": -135.0
    },
    "China": {
        "Latitude": 29.1832,
        "Longitude": 120.0934
    },
    "France": {
        "Latitude": 46.8852,
        "Longitude": -56.3159
    },
    "Germany": {
        "Latitude": 51.165691,
        "Longitude": 10.451526
    },
    "India": {
        "Latitude": 20.593684,
        "Longitude": 78.96288
    },
    "Indonesia": {
        "Latitude": -0.7893,
        "Longitude": 113.9213
    },
    "Italy": {
        "Latitude": 41.87194,
        "Longitude": 12.56738
    },
    "Japan": {
        "Latitude": 36.204824,
        "Longitude": 138.252924
    },
    "South Korea": {
        "Latitude": 35.90775700000001,
        "Longitude": 127.766922
    },
    "Mexico": {
        "Latitude": 23.6345,
        "Longitude": -102.5528
    },
    "Russia": {
        "Latitude": 61.52401,
        "Longitude": 105.318756
    },
    "Saudi Arabia": {
        "Latitude": 23.885942,
        "Longitude": 45.079162
    },
    "South Africa": {
        "Latitude": -30.5595,
        "Longitude": 22.9375
    },
    "Turkey": {
        "Latitude": 38.9637,
        "Longitude": 35.2433
    },
    "United Kingdom": {
        "Latitude": -51.7963,
        "Longitude": -59.5236
    },
    "United States": {
        "Latitude": 40.0,
        "Longitude": -100.0
    }
}